Product Name,Code,Department,BP,SP,WP,TRANSCOUNTY_MAIN,TRANSCOUNTY_ANNEX,PEAKFARM,TOTAL_STOCK
AGROVET TEST PRODUCT,ACCARICIDES,AGROVET,1000.0,1500.0,1300.0,0,0,1,1
AI gloves,CONSUMABLES,AGROVET,12.0,20.0,18.0,-1,0,0,-1
Actelic ASD Super Dust 100g,INSECTICIDES,AGROVET,135.0,200.0,200.0,-1,0,21,20
Actelic ASD Super Dust 50g,INSECTICIDES,AGROVET,88.0,120.0,120.0,-1,0,19,18
Actelic Super  200g,INSECTICIDES,AGROVET,232.0,350.0,350.0,-1,0,10,9
Actelic Super  500g,INSECTICIDES,AGROVET,485.0,650.0,650.0,-1,0,12,11
Actelic Super 1kg,INSECTICIDES,AGROVET,851.0,1100.0,1100.0,-1,0,0,-1
Actelic Super 2kg,INSECTICIDES,AGROVET,1385.0,1800.0,1700.0,-1,0,0,-1
Actelic gold 1kg,INSECTICIDES,AGROVET,1150.0,1300.0,1200.0,-1,0,0,-1
Actelic gold 200mg,INSECTICIDES,AGROVET,280.0,350.0,300.0,-1,0,0,-1
Actelic gold 2kg,INSECTICIDES,AGROVET,1100.0,1390.0,1390.0,-1,0,0,-1
Actelic gold 500g,INSECTICIDES,AGROVET,595.0,800.0,650.0,-1,0,0,-1
Actellic 100ml,INSECTICIDES,AGROVET,520.0,650.0,580.0,-1,0,0,-1
Actraz 100ml,DEWORMER,AGROVET,220.0,300.0,300.0,-1,0,0,-1
Actraz 40ml,DEWORMER,AGROVET,105.0,150.0,150.0,-1,0,0,-1
Adamycin 100mls,ANTIBIOTICS,AGROVET,365.0,430.0,400.0,-1,0,0,-1
Adamycin 50mls,ANTIBIOTICS,AGROVET,250.0,350.0,300.0,-1,0,-1,-2
Advanced Starter crumbs 50kg Unga,FEEDS,AGROVET,4570.0,4700.0,4700.0,-1,0,0,-1
Afrikelp 80ml,FOLIA FERTILIZER,AGROVET,85.0,150.0,120.0,-1,0,0,-1
Afya Bora Maziwa 2kg,MINERALS,AGROVET,320.0,400.0,350.0,-1,0,0,-1
Afya Bora maziwa 1kg,MINERALS,AGROVET,138.0,200.0,150.0,-1,0,0,-1
Afya Bora maziwa 5kg,MINERALS,AGROVET,650.0,800.0,800.0,-1,0,0,-1
Afya Bora stocklick 2kg,MINERALS,AGROVET,96.0,180.0,120.0,-1,0,0,-1
Agita 20g nollarts,INSECTICIDES,AGROVET,250.0,300.0,300.0,-1,0,0,-1
Agrigrow Veg 1kg,FOLIA FERTILIZER,AGROVET,285.0,400.0,400.0,-1,0,2,1
Agrigrow Veg 250g,FOLIA FERTILIZER,AGROVET,100.0,150.0,150.0,-1,0,0,-1
Agrigrow Veg 500g,FOLIA FERTILIZER,AGROVET,175.0,250.0,250.0,-1,0,0,-1
Agrigrow ff 1kg,FOLIA FERTILIZER,AGROVET,285.0,350.0,350.0,-1,0,6,5
Agrigrow ff 250g,FOLIA FERTILIZER,AGROVET,100.0,150.0,150.0,-1,0,4,3
Agrigrow ff 500g,FOLIA FERTILIZER,AGROVET,175.0,250.0,250.0,-1,0,1,0
Agripit Digester 500g,INSECTICIDES,AGROVET,300.0,399.0,345.0,-1,0,0,-1
Agrithane 500g,FUNGICIDES,AGROVET,460.0,600.0,600.0,-1,0,0,-1
Agroz Bag,PACKAGING,AGROVET,195.0,250.0,250.0,-1,0,0,-1
Alamycin AeroSpray 140GM,ANTIBIOTICS,AGROVET,355.0,370.0,290.0,-1,0,0,-1
Alamycin chick formula 25g norbrook,ANTIBIOTICS,AGROVET,47.0,100.0,80.0,-1,0,0,-1
Albafas 10 percent 120ml,DEWORMER,AGROVET,158.0,250.0,250.0,-1,0,0,-1
Albafas 10 percent 1L,DEWORMER,AGROVET,720.0,1000.0,1000.0,-1,0,0,-1
Albafas 10 percent 40ml,DEWORMER,AGROVET,72.0,120.0,120.0,-1,0,5,4
Albafas 10 percent 500ml,DEWORMER,AGROVET,440.0,600.0,600.0,-1,0,2,1
Albafas 2.5 percent 120ml,DEWORMER,AGROVET,66.0,100.0,100.0,-1,0,5,4
Albafas 2.5 percent 1L,DEWORMER,AGROVET,295.0,450.0,450.0,-1,0,2,1
Albafas 2.5 percent 40ml,DEWORMER,AGROVET,42.0,100.0,100.0,-1,0,9,8
Albafas 2.5 percent 500ml,DEWORMER,AGROVET,155.0,250.0,250.0,-1,0,3,2
Albedazole 250ML,DEWORMER,AGROVET,220.0,400.0,400.0,-1,0,0,-1
Albedazole 300mg,DEWORMER,AGROVET,10.0,20.0,20.0,-1,0,0,-1
Albedazole 600mg,DEWORMER,AGROVET,20.0,50.0,50.0,-1,0,0,-1
Aliseryl ws 100gm,ANTIBIOTICS,AGROVET,381.0,550.0,550.0,-1,0,0,-1
Aliseryl ws 30gm,ANTIBIOTICS,AGROVET,165.0,219.45,189.75,-1,0,2,1
Almatix 100ml,ACCARICIDE,AGROVET,230.0,350.0,350.0,-1,0,0,-1
Alpha 100ml ,INSECTICIDES,AGROVET,210.0,350.0,230.0,-1,0,0,-1
Alpha 500ml,INSECTICIDES,AGROVET,820.0,1200.0,950.0,-1,0,0,-1
Alphacymba 100ML,INSECTICIDES,AGROVET,180.0,300.0,250.0,-1,0,0,-1
Alphacymba 50ML,INSECTICIDES,AGROVET,107.0,180.0,160.0,-1,0,0,-1
Alphaguard 100 ml,INSECTICIDES,AGROVET,190.0,280.0,250.0,-1,0,20,19
Alphaguard 250ml,INSECTICIDES,AGROVET,460.0,750.0,650.0,-1,0,0,-1
Alphaguard 50 ml,INSECTICIDES,AGROVET,105.0,180.0,150.0,-1,0,30,29
Amilyte 100g,MINERALS,AGROVET,290.0,400.0,400.0,-1,0,0,-1
Amilyte 20g,MINERALS,AGROVET,120.0,150.0,150.0,-1,0,0,-1
Aminovit Chick 25g ,MINERALS,AGROVET,40.0,100.0,100.0,-1,0,0,-1
Aminovit Powder 25g,MINERALS,AGROVET,50.0,100.0,100.0,-1,0,0,-1
Amprolium 25g,ANTIBIOTICS,AGROVET,80.0,150.0,150.0,-1,0,-1,-2
Aquawet 30mls,SUPPLEMENT,AGROVET,41.0,100.0,100.0,-1,0,0,-1
Ascarex D 30g,ANTIBIOTICS,AGROVET,85.0,150.0,150.0,-1,0,0,-1
Ascaten-p,DEWORMER,AGROVET,12.0,20.0,20.0,-1,0,0,-1
Attitude 50ml,INSECTICIDES,AGROVET,230.0,350.0,350.0,-1,0,0,-1
Bamako 5g,INSECTICIDES,AGROVET,95.0,150.0,150.0,-1,0,0,-1
Battalion 25EC 100ML,INSECTICIDES,AGROVET,160.0,250.0,250.0,-1,0,0,-1
Battalion 25EC 50ML,INSECTICIDES,AGROVET,85.0,150.0,150.0,-1,0,0,-1
Bean Clean 1 litre,HERBICIDES,AGROVET,1350.0,1600.0,1600.0,-1,0,10,9
Bean Clean 500 ml,HERBICIDES,AGROVET,695.0,1000.0,780.0,-1,0,20,19
Bedlam 15ml,INSECTICIDE,AGROVET,96.0,150.0,150.0,-1,0,0,-1
BeetRoot Simlaw 10gm,SEEDS,AGROVET,50.0,100.0,100.0,-1,0,0,-1
BeetRoot Simlaw 25gm,SEEDS,AGROVET,102.0,150.0,150.0,-1,0,0,-1
Belt 50ml,INSECTICIDE,AGROVET,750.0,1150.0,900.0,-1,0,0,-1
Bento Clean 1 Litre,HERBICIDES,AGROVET,1450.0,1750.0,1700.0,-1,0,0,-1
Bento Clean 100ml,HERBICIDES,AGROVET,180.0,250.0,240.0,-1,0,0,-1
Bento Clean 500ml,INSECTICIDES,AGROVET,780.0,1000.0,950.0,-1,0,0,-1
Beta Booster 1 Litre,FOLIA FERTILIZER,AGROVET,75.0,100.0,90.0,-1,0,0,-1
Beta Booster 2 Litre,FOLIA FERTILIZER,AGROVET,120.0,160.0,140.0,-1,0,0,-1
Beta Booster 5 Litre ,FOLIA FERTILIZER,AGROVET,240.0,300.0,255.0,-1,0,0,-1
Beta Booster 500ml,FOLIA FERTILIZER,AGROVET,40.0,100.0,100.0,-1,0,0,-1
Biosol 100g,ANTIBIOTICS,AGROVET,220.0,300.0,300.0,-1,0,0,-1
Biosol 25g,ANTIBIOTICS,AGROVET,80.0,150.0,150.0,-1,0,0,-1
Biotrimvet 30g,ANTIBIOTICS,AGROVET,85.0,130.0,130.0,-1,0,0,-1
Bomarrhodes 1kg,FEEDS,AGROVET,1200.0,1250.0,1250.0,-1,0,0,-1
Broiler Finisher Pellets Faida 10kg,FEEDS,AGROVET,765.0,950.0,950.0,-1,0,6,5
Broiler Finisher Pellets Faida 20kg,FEEDS,AGROVET,1470.0,1600.0,1550.0,-1,0,0,-1
Broiler Starter Crumbs Faida 10kg,FEEDS,AGROVET,805.0,1000.0,1000.0,-1,0,0,-1
Broiler Starter Crumbs Faida 20kg,FEEDS,AGROVET,1610.0,1850.0,1850.0,-1,0,0,-1
Buttenut 25g,FEEDS,AGROVET,204.0,300.0,300.0,-1,0,0,-1
CAN Bora Bora 10kg,FERTILIZERS,AGROVET,110.0,150.0,130.0,0,0,0,0
CAN Chapa Meli 25kg,FERTILIZER,AGROVET,78.0,100.0,100.0,-1,0,0,-1
CAN Chapa Solai 50kg,FERTILIZER,AGROVET,88.0,120.0,120.0,-1,0,550,549
CAN Chapameli 50kg,FERTILIZERS,AGROVET,78.0,100.0,100.0,0,0,0,0
CAN DMBL 25KG,FERTILIZERS,AGROVET,100.0,120.0,120.0,0,0,0,0
CAN DMBL 50kg,FERTILIZERS,AGROVET,88.0,100.0,100.0,0,0,0,0
CAN Falcon 10kg,FERTILIZER,AGROVET,78.0,140.0,100.0,-1,0,0,-1
CAN Falcon 1kg,FERTILIZER,AGROVET,78.0,100.0,100.0,-1,0,0,-1
CAN Falcon 25kg,FERTILIZER,AGROVET,78.0,100.0,100.0,-1,0,0,-1
CAN Falcon 50kg,FERTILIZER,AGROVET,78.0,100.0,100.0,-1,0,0,-1
CAN Simba 25kg,FERTILIZER,AGROVET,78.0,100.0,100.0,-1,0,0,-1
CAN Thabiti 50kg,FERTILIZERS,AGROVET,78.0,100.0,100.0,-1,0,0,-1
CaLfornia one wonder simlaw 10g,SEEDS,AGROVET,80.0,120.0,100.0,-1,0,0,-1
Calf Pellets unga,FEEDS,AGROVET,680.0,650.0,600.0,-1,0,0,-1
Calf Weener Pellets 10kg Faida feeds,FEEDS,AGROVET,645.0,900.0,750.0,-1,0,1,0
Calfornia one wonder simlaw 50g,SEEDS,AGROVET,350.0,400.0,380.0,-1,0,0,-1
Califonia Wonder 10g EA,SEEDS,AGROVET,144.0,300.0,250.0,-1,0,0,-1
Califonia Wonder 25g EA,SEEDS,AGROVET,349.0,470.0,470.0,-1,0,0,-1
Califonia Wonder 50g EA,SEEDS,AGROVET,580.0,850.0,850.0,-1,0,0,-1
Carrot Nantes 50g Alps,SEEDS,AGROVET,269.0,350.0,350.0,-1,0,3,2
Carrots 10g,SEEDS,AGROVET,63.0,120.0,85.0,-1,0,0,-1
Carrots 25g Simlaw,SEEDS,AGROVET,110.0,200.0,130.0,-1,0,0,-1
Chick and Duck Mash Faida 10kg,FEEDS,AGROVET,730.0,850.0,850.0,-1,0,2,1
Chick and Duck Mash Faida 1kg,FEEDS,AGROVET,53.0,80.0,80.0,-1,0,0,-1
Chick and Duck Mash Faida 20kg,FEEDS,AGROVET,1460.0,1560.0,1560.0,-1,0,1,0
Chick and Duck Mash Faida 50kg,FEEDS,AGROVET,3330.0,3550.0,3550.0,-1,0,0,-1
Chick and Duck Mash Unga 10kg,FEEDS,AGROVET,850.0,1.0,977.5,-1,0,13,12
Chick-start 100g,MINERALS,AGROVET,95.0,200.0,200.0,-1,0,12,11
Chick-start 30g,MINERALS,AGROVET,45.0,120.0,120.0,-1,0,17,16
Chicken drinker Medium 3 Litre,PUMPS,AGROVET,220.0,300.0,300.0,-1,0,8,7
Chicken drinker small 1 Litre,PUMPS,AGROVET,130.0,200.0,200.0,-1,0,9,8
Chlorine 250g ,MINERALS,AGROVET,165.0,300.0,300.0,-1,0,4,3
Chlorine 500g ,MINERALS,AGROVET,310.0,500.0,500.0,-1,0,0,-1
Coccid Powder 30g,ANTIBIOTICS,AGROVET,104.0,150.0,150.0,-1,0,0,-1
Collards Advanta  25g,SEEDS,AGROVET,50.0,100.0,100.0,-1,0,0,-1
Collards Advanta  50g,SEEDS,AGROVET,69.0,150.0,70.0,-1,0,0,-1
Collards Alps Geor 250g,SEEDS,AGROVET,300.0,399.0,345.0,-1,0,0,-1
Collards Alps Geor 25g,SEEDS,AGROVET,68.0,100.0,100.0,-1,0,14,13
Collards Alps Geor 500g,SEEDS,AGROVET,530.0,700.0,680.0,-1,0,2,1
Collards Alps Geor 50g,SEEDS,AGROVET,120.0,200.0,200.0,-1,0,15,14
Collards EA 10g,SEEDS,AGROVET,70.0,100.0,100.0,-1,0,0,-1
Collards EA 1Kg,SEEDS,AGROVET,1250.0,1400.0,1400.0,-1,0,0,-1
Collards EA 250g,SEEDS,AGROVET,365.0,450.0,400.0,-1,0,0,-1
Collards EA 25g,SEEDS,AGROVET,77.0,150.0,150.0,-1,0,0,-1
Collards EA 500g,SEEDS,AGROVET,710.0,950.0,800.0,-1,0,0,-1
Collards EA 50g,SEEDS,AGROVET,122.0,200.0,160.0,-1,0,0,-1
Collards Simlaw 500g,SEEDS,AGROVET,715.0,850.0,850.0,-1,0,0,-1
Collards simlaw 10g,SEEDS,AGROVET,44.0,80.0,60.0,-1,0,0,-1
Collards simlaw 250g,SEEDS,AGROVET,290.0,400.0,400.0,-1,0,0,-1
Collards simlaw 25g,SEEDS,AGROVET,80.0,120.0,90.0,-1,0,0,-1
Collards simlaw 50g,SEEDS,AGROVET,100.0,150.0,130.0,-1,0,0,-1
Collards ultravetis 25g,SEEDS,AGROVET,75.0,150.0,130.0,-1,0,0,-1
Confidor 5gm 70wg,INSECTICIDES,AGROVET,70.0,93.1,80.5,-1,0,0,-1
Copenhagen Simlaw/EA/Alps 10g,SEEDS,AGROVET,45.0,100.0,100.0,-1,0,0,-1
Copenhagen Simlaw/EA/Alps 25g,SEEDS,AGROVET,80.0,150.0,150.0,-1,0,0,-1
Copenhagen Simlaw/EA/Alps 50g,SEEDS,AGROVET,187.0,300.0,250.0,-1,0,1,0
Coriander Dania EA/Simlaw/Alps 10g,SEEDS,AGROVET,50.0,100.0,100.0,-1,0,0,-1
Coriander Dania EA/Simlaw/Alps 25g,SEEDS,AGROVET,99.0,150.0,150.0,-1,0,2,1
Coriander Dania EA/Simlaw/Alps 50g,SEEDS,AGROVET,155.0,250.0,250.0,-1,0,0,-1
Cosvita 30g,MINERALS,AGROVET,64.0,100.0,100.0,-1,0,13,12
CropBoost 1LT,FOLIA FERTILIZER,AGROVET,2200.0,2.0,2.0,-1,0,0,-1
Cropmine 24D 1 Litres,FUNGICIDES,AGROVET,440.0,600.0,600.0,0,0,0,0
Cropmine 24D 5 Litres,FUNGICIDES,AGROVET,2200.0,2.0,2.0,-1,0,0,-1
Cropwonder Max Calcimag 5lt,FOLIA FERTILIZER,AGROVET,1400.0,1900.0,1700.0,-1,0,0,-1
DAP Chapa meli 25kg,FERTILIZER,AGROVET,106.0,150.0,140.0,-1,0,-1,-2
DAP Chapa meli 50kg,FERTILIZER,AGROVET,106.0,150.0,150.0,-1,0,0,-1
DAP Falcon 10kg,FERTILIZER,AGROVET,126.0,150.0,140.0,-1,0,0,-1
DAP Falcon 1kg,FERTILIZER,AGROVET,126.0,150.0,140.0,-1,0,0,-1
DAP Falcon 25kg,FERTILIZER,AGROVET,112.0,150.0,140.0,-1,0,0,-1
DAP Falcon 50kg,FERTILIZER,AGROVET,126.0,150.0,140.0,-1,0,0,-1
DAP OCP 50kg,FERTILIZER,AGROVET,106.0,150.0,140.0,-1,0,0,-1
DAP Thabiti 10Kg,FERTILIZER,AGROVET,140.0,150.0,150.0,-1,0,0,-1
DAP Thabiti 50kg,FERTILIZER,AGROVET,122.0,150.0,140.0,-1,0,0,-1
Dabendazole 2.5 1ltr,DEWORMER,AGROVET,190.0,300.0,220.0,-1,0,0,-1
Dabendazole Bolus 600mg,DEWORMER,AGROVET,10.0,50.0,50.0,-1,0,0,-1
Dabotik 100ml,ACCARICIDE,AGROVET,365.0,480.0,480.0,-1,0,3,2
Dabotik 20ml,ACCARICIDE,AGROVET,118.0,200.0,200.0,-1,0,0,-1
Dabotik 40ml,ACCARICIDE,AGROVET,249.0,350.0,350.0,-1,0,9,8
Dairy Meal Economy Faida 10kg,FEEDS,AGROVET,255.0,350.0,350.0,-1,0,0,-1
Dairy Meal Economy Faida 50kg,FEEDS,AGROVET,1300.0,1400.0,1300.0,-1,0,0,-1
Dairy Meal Faida 10kg,FEEDS,AGROVET,475.0,650.0,650.0,-1,0,19,18
Dairy Meal Faida 20kg,FEEDS,AGROVET,950.0,1050.0,1050.0,-1,0,9,8
Dairy Meal Faida 50kg,FEEDS,AGROVET,2310.0,2500.0,2500.0,-1,0,6,5
Dairy Meal High Yield Faida 50kg,FEEDS,AGROVET,2450.0,2600.0,2550.0,-1,0,0,-1
Dairy Meal Super Faida 50kg,FEEDS,AGROVET,1900.0,2050.0,2000.0,-1,0,0,-1
Dairy Meal Unga 10kg,FEEDS,AGROVET,440.0,650.0,650.0,-1,0,0,-1
Dairy Meal Unga 50kg,FEEDS,AGROVET,2550.0,2700.0,2700.0,-1,0,4,3
Dairy meal economy Faida 20kg,FEEDS,AGROVET,400.0,550.0,550.0,-1,0,0,-1
Degreemax  200ec 50ml,INSECTICIDES,AGROVET,125.0,200.0,200.0,-1,0,0,-1
Degreemax 200ec 100ml,INSECTICIDES,AGROVET,233.0,320.0,320.0,-1,0,1,0
Degreemax 200ec 250ml,INSECTCIDES,AGROVET,515.0,750.0,700.0,0,0,4,4
Degreemax 200ec 500ml,INSECTCIDES,AGROVET,960.0,1150.0,1150.0,0,0,0,0
Delete 20ml,ACCARICIDE,AGROVET,135.0,200.0,200.0,-1,0,0,-1
Delete 40ml,ACCARICIDE,AGROVET,259.0,350.0,350.0,-1,0,0,-1
Dera Blue Cross 1kg,FUNGICIDES,AGROVET,110.0,150.0,150.0,-1,0,0,-1
Dera Blue Cross 2kg,FUNGICIDES,AGROVET,180.0,280.0,280.0,-1,0,0,-1
Dhania simlaw 25g,SEEDS,AGROVET,85.0,150.0,150.0,-1,0,0,-1
Diamond Plant 1LT,FOLIA FERTILIZER,AGROVET,70.0,120.0,120.0,-1,0,0,-1
Diamond Plant 2l,FOLIA FERTILIZER,AGROVET,145.0,180.0,180.0,-1,0,0,-1
Diazol 25ml Agrichem 25ml,INSECTICIDES,AGROVET,70.0,150.0,150.0,-1,0,0,-1
Dip Vectoclor Plus 25 ml,ACCARICIDE,AGROVET,126.0,180.0,180.0,-1,0,0,-1
Dip Vectoclor Plus 50 ml,ACCARICIDE,AGROVET,240.0,350.0,350.0,-1,0,0,-1
Diseptoprim bolus,ANTIBIOTICS,AGROVET,16.0,25.0,20.0,-1,0,9,8
Dry Touch 1L,herbicides,AGROVET,1375.0,1600.0,1550.0,-1,0,0,-1
Dry Touch 5L,herbicides,AGROVET,6400.0,7000.0,7000.0,0,0,0,0
Dudu Krin,INSECTICIDES,AGROVET,305.0,400.0,400.0,-1,0,0,-1
Duduclear 50ml,INSECTCIDES,AGROVET,260.0,400.0,360.0,0,0,10,10
Duduthrin 1 Litre,INSECTICIDES,AGROVET,1435.0,1650.0,1650.0,-1,0,0,-1
Duduthrin 100ml,INSECTICIDES,AGROVET,212.0,300.0,300.0,-1,0,1,0
Duduthrin 500ml,INSECTICIDES,AGROVET,765.0,950.0,950.0,-1,0,2,1
Duduthrin 50ml,INSECTICIDES,AGROVET,143.0,200.0,200.0,-1,0,0,-1
Dudutrin 200ml,INSECTICIDES,AGROVET,358.0,550.0,550.0,-1,0,5,4
Duo Dip 55 percent 100ml,ACCARICIDE,AGROVET,470.0,650.0,650.0,-1,0,0,-1
Duo Dip 55 percent 1LT,ACCARICIDE,AGROVET,2380.0,2800.0,2800.0,-1,0,0,-1
Duo Dip 55 percent 20ml,ACCARICIDE,AGROVET,125.0,170.0,170.0,-1,0,0,-1
Duo Dip 55 percent 250ml,ACCARICIDE,AGROVET,1450.0,1550.0,1550.0,-1,0,0,-1
Duo Dip 55 percent 500ml,ACCARICIDE,AGROVET,2700.0,2850.0,2850.0,-1,0,0,-1
Duo Dip 55 percent 50ml,ACCARICIDE,AGROVET,310.0,412.3,350.3,-1,0,0,-1
DuoTech 100ml,DEWORMER,AGROVET,427.0,550.0,550.0,-1,0,5,4
Duogold,HERBICIDES,AGROVET,2350.0,2600.0,2550.0,-1,0,0,-1
Duotech 60ml,DEWORMER,AGROVET,231.0,330.0,330.0,-1,0,7,6
ESB3 20G,ANTIBIOTICS,AGROVET,325.0,450.0,450.0,-1,0,1,0
Easygro Fruit and Flower 1kg,FOLIA FERTILIZER,AGROVET,465.0,550.0,550.0,-1,0,5,4
Easygro Fruit and Flower 250g,FOLIA FERTILIZER,AGROVET,118.0,160.0,160.0,-1,0,23,22
Easygro Fruit and Flower 500g,FOLIA FERTILIZER,AGROVET,228.0,300.0,300.0,-1,0,10,9
Easygro Vegetative 1kg<br>,FOLIA FERTILIZER,AGROVET,463.0,550.0,550.0,-1,0,5,4
Easygro Vegetative 500g,FOLIA FERTILIZER,AGROVET,230.0,330.0,330.0,-1,0,6,5
Easygro vegetative 120g,FOLIA FERTILIZER,AGROVET,56.0,100.0,100.0,-1,0,0,-1
Easygro vegetative 250g,FOLIA FERTILIZER,AGROVET,117.0,160.0,160.0,-1,0,23,22
Ecomida 100ml,INSECTICIDES,AGROVET,290.0,400.0,400.0,-1,0,0,-1
Ecomida 25ml,INSECTICIDES,AGROVET,80.0,150.0,120.0,-1,0,0,-1
Ecomida 50ml,INSECTICIDES,AGROVET,155.0,250.0,250.0,-1,0,0,-1
Egocin 10 percent,SUPPLEMENT,AGROVET,130.0,200.0,200.0,-1,0,0,-1
Egocin Chick  25GM,SUPPLEMENT,AGROVET,35.0,60.0,60.0,-1,0,0,-1
Endocure 10 percent 135 ml,DEWORMER,AGROVET,60.0,100.0,80.0,-1,0,0,-1
Epsom salt Bpvet 500g ,MINERALS,AGROVET,62.0,150.0,150.0,-1,0,6,5
Escort 100ml,INSECTICIDES,AGROVET,485.0,645.05,548.05,-1,0,0,-1
Escort 250ml,INSECTICIDES,AGROVET,1050.0,1250.0,1250.0,-1,0,0,-1
Escort 50ml,INSECTICIDES,AGROVET,270.0,350.0,350.0,-1,0,0,-1
Excavator 450ec 100ml,INSECTICIDES,AGROVET,155.0,300.0,300.0,-1,0,0,-1
Excavator 450ec 250ml,INSECTICIDES,AGROVET,344.0,600.0,600.0,-1,0,0,-1
Farmtraz 12.5 percent 100ml,ACCARICIDE,AGROVET,222.0,340.0,280.0,-1,0,11,10
Farmtraz 12.5 percent 20ml,ACCARICIDE,AGROVET,78.0,150.0,100.0,-1,0,0,-1
Farmtraz 12.5 percent 40ml,ACCARICIDE,AGROVET,103.0,200.0,170.0,-1,0,14,13
Fast Kienyeji Mash Faida 50kg,FEEDS,AGROVET,2027.0,2200.0,2200.0,-1,0,0,-1
Feeder Long(DOTTED),PACKAGING,AGROVET,170.0,250.0,250.0,-1,0,0,-1
Feeders Medium(ROUND),PACKAGING,AGROVET,220.0,350.0,350.0,-1,0,0,-1
Feeders Short(DOTTED),PACKAGING,AGROVET,90.0,150.0,150.0,-1,0,0,-1
Feeders Small(ROUND),PACKAGING,AGROVET,200.0,300.0,300.0,-1,0,0,-1
Feeders extra large(ROUND),PACKAGING,AGROVET,300.0,450.0,450.0,-1,0,0,-1
Flagdown 25g,ANTIBIOTICS,AGROVET,190.0,270.0,270.0,-1,0,0,-1
Flowatone 4.5SL 1lt ,FOLIA FERTILIZER,AGROVET,1350.0,1800.0,1600.0,-1,0,0,-1
Force 1 plus 135ml,DEWORMER,AGROVET,170.0,250.0,250.0,-1,0,5,4
Force 1 super 125ml,DEWORMER,AGROVET,165.0,250.0,250.0,-1,0,0,-1
Force 1 super 500ml,DEWORMER,AGROVET,677.0,800.0,780.0,-1,0,2,1
Fosbac 25 Gm,ANTIBIOTICS,AGROVET,200.0,300.0,250.0,-1,0,0,-1
Fukokill 25g,ANTIRODENTS,AGROVET,77.0,150.0,150.0,-1,0,14,13
Gardal 10 percent 135ml,DEWORMER,AGROVET,360.0,450.0,450.0,-1,0,0,-1
Gardal 10 percent 1LTR,DEWORMER,AGROVET,1700.0,2000.0,2000.0,-1,0,0,-1
Gardal 10 percent 40ml,DEWORMER,AGROVET,190.0,250.0,200.0,-1,0,0,-1
Gladiator 100ml,INSECTICIDES,AGROVET,495.0,550.0,350.0,-1,0,0,-1
Gladiator 1LT,INSECTICIDES,AGROVET,1900.0,2750.0,2650.0,-1,0,0,-1
Gladiator 250ml,INSECTICIDES,AGROVET,750.0,1200.0,950.0,-1,0,0,-1
Gloria f1 Hybrid 25g,SEEDS,AGROVET,1600.0,1750.0,1750.0,-1,0,1,0
Gloria f1 Hybrid 50g,SEEDS,AGROVET,3400.0,3200.0,3050.0,-1,0,0,-1
Gloria fi Hybrid 10g,SEEDS,AGROVET,700.0,650.0,650.0,-1,0,0,-1
Glycel 1 lts,HERBICIDE,AGROVET,480.0,680.0,550.0,-1,0,0,-1
Glypro 1lt,HERBICIDES,AGROVET,510.0,750.0,650.0,-1,0,0,-1
Glypro 5 lt,HERBICIDES,AGROVET,2450.0,2750.0,2700.0,-1,0,0,-1
Glypro 500ml,HERBICIDES,AGROVET,300.0,450.0,400.0,-1,0,2,1
Governor 1Ltr,HERBICIDES,AGROVET,1500.0,1900.0,1800.0,-1,0,0,-1
Governor 5ltr,HERBICIDES,AGROVET,7200.0,7800.0,7500.0,-1,0,0,-1
Gradometer 100MLS,INSECTICIDES,AGROVET,218.0,350.0,350.0,-1,0,0,-1
Gradometer 250MLS,INSECTICIDES,AGROVET,498.0,650.0,650.0,-1,0,0,-1
Gradometer 500MLS,INSECTICIDES,AGROVET,780.0,1200.0,950.0,-1,0,0,-1
Gradometer 50ml,INSECTICIDES,AGROVET,128.0,200.0,200.0,-1,0,0,-1
Gradometer l lt,INSECTICIDES,AGROVET,1510.0,2000.0,1700.0,-1,0,0,-1
Gramoxone 1 LT,HERBICIDE,AGROVET,1200.0,1500.0,1500.0,-1,0,0,-1
Gramoxone 5 LT,HERBICIDE,AGROVET,4200.0,5500.0,5500.0,-1,0,0,-1
Grenade 100 ml,INSECTICIDES,AGROVET,342.0,450.0,450.0,-1,0,0,-1
Grenade 20ml,INSCECTICIDES,AGROVET,81.0,150.0,130.0,-1,0,0,-1
Grenade 40 ml,INSECTICIDES,AGROVET,176.0,250.0,250.0,-1,0,0,-1
Growers Mash Faida 10kg,FEEDS,AGROVET,625.0,750.0,750.0,-1,0,16,15
Growers Mash Faida 1kg ,FEEDS,AGROVET,57.6,80.0,80.0,-1,0,0,-1
Growers Mash Faida 20kg,FEEDS,AGROVET,1250.0,1350.0,1350.0,-1,0,8,7
Growers Mash Faida 50kg,FEEDS,AGROVET,3280.0,3400.0,3400.0,-1,0,0,-1
Growers Mash Unga 10kg,FEEDS,AGROVET,750.0,850.0,850.0,-1,0,8,7
Growers Mash Unga 50kg,FEEDS,AGROVET,3300.0,3500.0,3500.0,-1,0,0,-1
Gumboro 100doses,VACCINE,AGROVET,200.0,300.0,260.0,-1,0,0,-1
Halothrin 100ml,INSECTICIDES,AGROVET,130.0,250.0,200.0,-1,0,0,-1
Halothrin 500ml,INSECTICIDES,AGROVET,475.0,650.0,600.0,-1,0,0,-1
Halothrin 50ml,INSECTICIDES,AGROVET,82.0,180.0,150.0,-1,0,0,-1
Healing Oil 100ml,INSECTICIDES,AGROVET,215.0,250.0,200.0,-1,0,0,-1
Heat Booster 250g,SUPPLEMENT,AGROVET,80.0,133.0,115.0,-1,0,1,0
Herbistar 1 Litre,HERBICIDES,AGROVET,600.0,850.0,850.0,-1,0,10,9
Herbistar 5 Litre,herbicides,AGROVET,3150.0,3801.0,3500.0,0,0,4,4
Herbistar 500 ml,HERBICIDES,AGROVET,390.0,500.0,500.0,-1,0,10,9
Herbkill 1L,HERBICIDES,AGROVET,700.0,1100.0,850.0,-1,0,0,-1
Herbkill 500ml,HERBICIDES,AGROVET,575.0,800.0,800.0,-1,0,0,-1
Herbkill 5L,HERBICIDES,AGROVET,4200.0,4500.0,4200.0,-1,0,0,-1
Homivet tabs,DEWORMER,AGROVET,45.0,100.0,50.0,-1,0,0,-1
Hybrid 513 2kg,SEEDS,AGROVET,560.0,600.0,600.0,-1,0,0,-1
Hybrid 516 2kg,SEEDS,AGROVET,560.0,600.0,600.0,-1,0,0,-1
Hybrid 520 2kg,SEEDS,AGROVET,560.0,600.0,600.0,-1,0,0,-1
Hybrid 522 2kg,SEEDS,AGROVET,560.0,600.0,600.0,-1,0,0,-1
Hybrid 614 10kg,SEEDS,AGROVET,2800.0,3000.0,3000.0,-1,0,0,-1
Hybrid 614 1kg,SEEDS,AGROVET,280.0,300.0,300.0,-1,0,0,-1
Hybrid 614 25kg,SEEDS,AGROVET,7000.0,7500.0,7000.0,-1,0,0,-1
Hybrid 614 2kg,SEEDS,AGROVET,560.0,600.0,600.0,-1,0,0,-1
Hybrid 6210 2 KG,SEEDS,AGROVET,560.0,600.0,600.0,-1,0,0,-1
Hybrid 6210 25kg,SEEDS,AGROVET,7000.0,7500.0,7500.0,-1,0,0,-1
Hybrid 6213 10kg,SEEDS,AGROVET,2800.0,300.0,3000.0,-1,0,84,83
Hybrid 6213 25kg,SEEDS,AGROVET,7000.0,7500.0,7500.0,-1,0,0,-1
Hybrid 6213 2kg,SEEDS,AGROVET,560.0,602.0,601.0,-1,0,0,-1
Hybrid 6218 10kg,SEEDS,AGROVET,2800.0,3000.0,3000.0,-1,0,0,-1
Hybrid 6218 25kg,SEEDS,AGROVET,7000.0,7500.0,7500.0,-1,0,0,-1
Hybrid 6218 2kg,SEEDS,AGROVET,560.0,600.0,600.0,-1,0,0,-1
Hybrid 624 10kg,SEEDS,AGROVET,2800.0,3000.0,3000.0,-1,0,0,-1
Hybrid 624 25kg,SEEDS,AGROVET,7000.0,7500.0,7500.0,-1,0,0,-1
Hybrid 624 2kg,SEEDS,AGROVET,560.0,744.8,644.0,-1,0,0,-1
Hybrid 628 2kg,SEEDS,AGROVET,560.0,600.0,600.0,-1,0,0,-1
Hybrid 629 10kg,SEEDS,AGROVET,2800.0,3000.0,3000.0,-1,0,0,-1
Hybrid 629 25kg,SEEDS,AGROVET,7000.0,7500.0,7500.0,-1,0,0,-1
Hybrid 629 2kg,SEEDS,AGROVET,560.0,600.0,600.0,-1,0,0,-1
Icon 62.5gms,INSECTICIDES,AGROVET,800.0,1100.0,1000.0,-1,0,0,-1
Imaxi 100ml,INSECTICIDES,AGROVET,520.0,400.0,,-1,0,0,-1
Imaxi 25ml,INSECTICIDES,AGROVET,,150.0,,-1,0,0,-1
Imaxi 50ml,INSECTICIDES,AGROVET,,50.0,,-1,0,0,-1
Ivermectin_Trumekti/Ivanor 1 pct Inj 10ml,ANTIBIOTICS,AGROVET,50.0,100.0,100.0,-1,0,1,0
Ivermectin_Trumektin/Ivanor 1 pct Inj 100ml,ANTIBIOTICS,AGROVET,155.0,300.0,300.0,-1,0,4,3
Ivermectin_Trumektin/Ivanor 1 pct Inj 50ml,ANTIBIOTICS,AGROVET,135.0,250.0,250.0,-1,0,5,4
JOJ Cropwonder Max G 1 Litre,FOLIA FERTILIZER,AGROVET,370.0,500.0,500.0,-1,0,3,2
JOJ Cropwonder Max G 500 ml,FOLIA FERTILIZER,AGROVET,200.0,266.0,230.0,-1,0,6,5
JOJ DCP 1kg,MINERALS,AGROVET,150.0,250.0,250.0,-1,0,11,10
JOJ DCP 250g,MINERALS,AGROVET,45.0,80.0,80.0,-1,0,0,-1
JOJ DCP 500g,SUPPLEMENTS,AGROVET,75.0,150.0,150.0,0,0,10,10
JOJ Epsom Salt 250g,MINERALS,AGROVET,50.0,100.0,100.0,-1,0,14,13
JOJ J 2 4 D 1L,HERBICIDES,AGROVET,460.0,700.0,600.0,0,0,7,7
JOJ Megalick Dairy Bucket 10kg,MINERALS,AGROVET,670.0,950.0,850.0,-1,0,7,6
JOJ Megalick Dairy Bucket 20kg,MINERALS,AGROVET,1250.0,1750.0,1700.0,-1,0,9,8
JOJ Megalick Dairy Bucket 2kg,MINERALS,AGROVET,160.0,250.0,170.0,-1,0,0,-1
JOJ Megalick Dairy Bucket 5kg,MINERALS,AGROVET,340.0,500.0,500.0,-1,0,7,6
JOJ Megalick Dairy Sachet 2kg,MINERALS,AGROVET,120.0,250.0,250.0,-1,0,10,9
JOJ Megalick Dairy Sachet 5kg,MINERALS,AGROVET,280.0,500.0,450.0,-1,0,10,9
JOJ Megalick Sachet 1kg,MINERALS,AGROVET,80.0,150.0,150.0,-1,0,9,8
JOJ Weedex 480 G/L 1 litre,HERBICIDES,AGROVET,440.0,598.5,517.5,-1,0,0,-1
JOJ Weedex 480 G/L 5 litre,HERBICIDES,AGROVET,2200.0,2500.0,2500.0,0,0,1,1
JOJ Weedex 480 G/L 500ml,HERBICIDES,AGROVET,250.0,500.0,450.0,0,0,10,10
Jackpot 100ml,INSECTICIDES,AGROVET,276.0,350.0,350.0,-1,0,0,-1
Jackpot 25ml,INSECTICIDES,AGROVET,,120.0,,-1,0,0,-1
Jackpot 500ml,INSECTICIDES,AGROVET,,950.0,,-1,0,0,-1
Jacto xp,INSECTICIDES,AGROVET,5700.0,6800.0,6300.0,-1,0,0,-1
Kales EA 50g,SEEDS,AGROVET,180.0,250.0,200.0,-1,0,0,-1
Kales Safari 10g,SEEDS,AGROVET,46.0,100.0,100.0,-1,0,0,-1
Kales Safari 25G,SEEDS,AGROVET,80.0,160.0,130.0,-1,0,0,-1
Kales Safari 50g,SEEDS,AGROVET,160.0,250.0,200.0,-1,0,0,-1
Kales simlaw 10g,SEEDS,AGROVET,40.0,100.0,80.0,-1,0,0,-1
Kales simlaw 25g,SEEDS,AGROVET,87.0,150.0,100.0,-1,0,0,-1
Kales simlaw 50g,SEEDS,AGROVET,165.0,250.0,180.0,-1,0,0,-1
Kaptin xp 100ml,DEWORMER,AGROVET,80.0,140.0,100.0,-1,0,0,-1
Kausha 1lts,HERBICIDE,AGROVET,430.0,750.0,650.0,-1,0,0,-1
Kiboko f1 Hybrid 10gms,SEEDS,AGROVET,525.0,750.0,650.0,-1,0,0,-1
Kiboko f1 Hybrid 25gms,SEEDS,AGROVET,1250.0,1500.0,1500.0,-1,0,0,-1
Kiboko f1 Hybrid 50gms,SEEDS,AGROVET,2400.0,3000.0,2800.0,-1,0,0,-1
Kienyeji Layers Mash Faida 50kg,FEEDS,AGROVET,2330.0,2550.0,2550.0,-1,0,0,-1
Kienyeji Mash Faida 10kg,FEEDS,AGROVET,505.0,600.0,600.0,-1,0,19,18
Kienyeji Mash Faida 20kg,FEEDS,AGROVET,1010.0,1200.0,1200.0,-1,0,12,11
Kienyeji Mash Faida 50kg,FEEDS,AGROVET,2480.0,3.0,2.0,-1,0,0,-1
Knapsack Spare ,SPARE PART,AGROVET,250.0,350.0,340.0,-1,0,18,17
Knapsack Spare Nozzle ,SPARE PART,AGROVET,85.0,130.0,120.0,-1,0,15,14
Knapsack Sprayer Farmate 20 Litres,PUMPS,AGROVET,1900.0,2500.0,2000.0,-1,0,0,-1
Knapsack Sprayer Jojemi 20 Litres,PUMPS,AGROVET,2750.0,3400.0,3200.0,-1,0,3,2
Knapsack Sprayer Sterling 16lts,PUMPS,AGROVET,1450.0,2000.0,1650.0,-1,0,0,-1
Kolopa 1lt,HERBICIDE,AGROVET,1850.0,2000.0,2000.0,-1,0,0,-1
Kungunil 15mls,INSECTICIDES,AGROVET,100.0,150.0,150.0,-1,0,0,-1
Layers Extra 100mg,FEEDS,AGROVET,140.0,300.0,200.0,-1,0,0,-1
Layers Mash Complete Faida 50kg,FEEDS,AGROVET,3180.0,3350.0,3350.0,-1,0,0,-1
Layers Mash Complete Unga 50kg,FEEDS,AGROVET,3400.0,3600.0,3600.0,-1,0,3,2
Layers Mash Faida 10kg,FEEDS,AGROVET,645.0,750.0,750.0,-1,0,6,5
Layers Mash Faida 1kg,FEEDS,AGROVET,42.4,60.0,60.0,-1,0,0,-1
Layers Mash Faida 20kg,FEEDS,AGROVET,1290.0,1400.0,1400.0,-1,0,5,4
Layers Mash Faida 50kg,FEEDS,AGROVET,2980.0,3200.0,3200.0,-1,0,0,-1
Layers Mash Standard Faida Feeds 50kg,FEEDS,AGROVET,3030.0,3200.0,3150.0,-1,0,0,-1
Layers Mash Tai 10kgs,FEEDS,AGROVET,310.0,500.0,500.0,-1,0,0,-1
Layers Mash Tai 20kgs,FEEDS,AGROVET,610.0,850.0,850.0,-1,0,0,-1
Layers Mash Unga Feeds 10kg,FEEDS,AGROVET,750.0,850.0,850.0,-1,0,10,9
Levacide 50ml norbrook,DEWORMER,AGROVET,70.0,120.0,80.0,-1,0,0,-1
Levacine 40ml,DEWORMER,AGROVET,60.0,100.0,80.0,-1,0,0,-1
Levafas diamond 125ml,DEWORMER,AGROVET,238.0,350.0,280.0,-1,0,5,4
Levafas diamond 500ml,DEWORMER,AGROVET,815.0,1100.0,1000.0,-1,0,0,-1
Levafas xtra 125 ml,DEWORMER,AGROVET,390.0,550.0,500.0,-1,0,0,-1
Levafas xtra 40ml,DEWORMER,AGROVET,138.0,200.0,200.0,-1,0,5,4
Levafas xtra 500ml,DEWORMER,AGROVET,1140.0,1250.0,1200.0,-1,0,0,-1
Levefas Drench 125ml,DEWORMER,AGROVET,111.0,150.0,120.0,-1,0,0,-1
Levefas Drench 1LT,DEWORMER,AGROVET,720.0,950.0,800.0,-1,0,0,-1
Levefas Drench 500ml,DEWORMER,AGROVET,380.0,450.0,400.0,-1,0,0,-1
Levefas xtra 40ml,DEWORMER,AGROVET,110.0,150.0,120.0,-1,0,0,-1
Light Kaolin 250gm,SUPPLEMENT,AGROVET,52.0,150.0,100.0,-1,0,0,-1
Light Kaolin 500gm,SUPPLEMENT,AGROVET,70.0,200.0,150.0,-1,0,0,-1
Liquid Paraffin 100ml,ANTIBIOTICS,AGROVET,65.0,100.0,80.0,-1,0,6,5
Liquid Paraffin 50ml,ANTIBIOTICS,AGROVET,60.0,80.0,80.0,-1,0,0,-1
Livotox 50ml,HERBICIDE,AGROVET,130.0,200.0,200.0,-1,0,0,-1
Lumax 1 lt,HERBICIDE,AGROVET,1750.0,1950.0,1750.0,-1,0,0,-1
Lumax 20 lt,HERBICIDE,AGROVET,28500.0,31000.0,31000.0,-1,0,0,-1
Lumax 5 lt,HERBICIDE,AGROVET,8000.0,8500.0,8000.0,-1,0,0,-1
Macklic Block 2kg,SUPPLEMENT,AGROVET,173.0,200.0,200.0,-1,0,0,-1
Macklic Super 1kg,SUPPLEMENT,AGROVET,217.0,250.0,220.0,-1,0,0,-1
Macklic Super 2kg,SUPPLEMENT,AGROVET,412.0,480.0,450.0,-1,0,0,-1
Macklic Super 500g,SUPPLEMENT,AGROVET,118.0,130.0,120.0,-1,0,0,-1
Macklic Super 5kg,SUPPLEMENT,AGROVET,835.0,950.0,900.0,-1,0,0,-1
Macklic block extra 2kg,SUPPLEMENT,AGROVET,330.0,380.0,350.0,-1,0,0,-1
Macklick Dry Cow 1kg,SUPPLEMENT,AGROVET,205.0,250.0,220.0,-1,0,0,-1
Macklick Dry Cow 2kg,SUPPLEMENT,AGROVET,342.0,450.0,400.0,-1,0,0,-1
Macklick Plus 10kg,SUPPLEMENT,AGROVET,1085.0,1250.0,1130.0,-1,0,0,-1
Macklick Plus 1kg,SUPPLEMENT,AGROVET,137.0,210.0,150.0,-1,0,0,-1
Macklick Plus 2kg,SUPPLEMENT,AGROVET,265.0,350.0,275.0,-1,0,0,-1
Maclik Beef 5kgs,SUPPLEMENT,AGROVET,440.0,550.0,500.0,-1,0,0,-1
Magadi Salt 10KG,SUPPLEMENT,AGROVET,185.0,250.0,250.0,-1,0,0,-1
Magadi Salt 50KG,SUPPLEMENT,AGROVET,750.0,850.0,850.0,-1,0,0,-1
Maguguma 1litre,HERBICIDE,AGROVET,1250.0,1500.0,1300.0,-1,0,0,-1
Maguguma 5itre,HERBICIDE,AGROVET,5850.0,6500.0,6100.0,-1,0,0,-1
Mamguard 5GM,ANTIBIOTICS,AGROVET,255.0,350.0,300.0,-1,0,0,-1
Managu-Black Night Shade Simlaw 25g ,SEEDS,AGROVET,87.0,150.0,150.0,-1,0,0,-1
Managu-Black Night Shade Simlaw 50g,SEEDS,AGROVET,160.0,300.0,250.0,-1,0,0,-1
Mask,MISC,AGROVET,5.0,20.0,10.0,-1,0,0,-1
Mastercop 100mls,FUNGICIDE,AGROVET,380.0,500.0,450.0,-1,0,0,-1
Matco 100g,FUNGICIDE,AGROVET,120.0,150.0,150.0,-1,0,0,-1
Matco 50g,FUNGICIDE,AGROVET,65.0,80.0,80.0,-1,0,0,-1
Maxicure 10 percent 135ml,DEWORMER,AGROVET,120.0,160.0,140.0,-1,0,0,-1
Maxicure 10 percent 500ml,DEWORMER,AGROVET,450.0,550.0,500.0,-1,0,0,-1
Maximus 5 Ltr,HERBICIDE,AGROVET,6600.0,7000.0,7000.0,-1,0,0,-1
Metocycline/Egocin Eye wound Powder 30g,ANTIBIOTICS,AGROVET,110.0,140.0,120.0,-1,0,0,-1
Metro 25ml,INSECTICIDES,AGROVET,425.0,600.0,490.0,-1,0,0,-1
Metro 50ml,INSECTICIDES,AGROVET,825.0,1100.0,1000.0,-1,0,0,-1
Metrocycline 25g,INSECTICIDES,AGROVET,72.0,100.0,80.0,-1,0,0,-1
Milking salve Vetcare 500g,OIL,AGROVET,70.0,120.0,120.0,-1,0,0,-1
Milking salve coopers 100g,OIL,AGROVET,77.0,100.0,85.0,-1,0,0,-1
Milking salve coopers 250g,OIL,AGROVET,197.0,250.0,220.0,-1,0,0,-1
Milor 100g,FUNGICIDES,AGROVET,200.0,250.0,230.0,-1,0,0,-1
Milor 50g,FUNGICIDES,AGROVET,110.0,150.0,130.0,-1,0,0,-1
Milraz 100g,FUNGICIDES,AGROVET,250.0,380.0,300.0,-1,0,0,-1
Milraz 40g,FUNGICIDES,AGROVET,173.0,250.0,185.0,-1,0,0,-1
Milraz 500gm,FUNGICIDES,AGROVET,1135.0,1350.0,1350.0,-1,0,0,-1
Milthane Super 100g,FUNGICIDES,AGROVET,103.0,150.0,150.0,-1,0,1,0
Milthane Super 200g,FUNGICIDES,AGROVET,205.0,250.0,230.0,-1,0,0,-1
Milthane super 1kg,FUNGICIDES,AGROVET,810.0,1000.0,1000.0,-1,0,0,-1
Milthane super 500gm,FUNGICIDES,AGROVET,415.0,550.0,480.0,-1,0,0,-1
Milthane super 50gm,FUNGICIDES,AGROVET,66.0,100.0,100.0,-1,0,0,-1
Milthane super 5kg,FUNGICIDES,AGROVET,3900.0,4300.0,4100.0,-1,0,0,-1
Mineral Block Reva 2kg Jojemi Red ,SUPPLEMENT,AGROVET,170.0,250.0,250.0,-1,0,6,5
Mineral Block Reva 5kg Jojemi Red,SUPPLEMENT,AGROVET,380.0,550.0,550.0,-1,0,11,10
Mineral Block Reva Maziwa 2kg Jojemi White,SUPPLEMENT,AGROVET,180.0,250.0,250.0,-1,0,4,3
Mineral Block Reva Maziwa 3kg Jojemi White,SUPPLEMENT,AGROVET,260.0,345.8,299.0,-1,0,0,-1
Mineral Block Reva Maziwa 5kg Jojemi White,SUPPLEMENT,AGROVET,370.0,492.1,425.5,-1,0,0,-1
Mineral Milk Block Cenriva 2kg,SUPPLEMENT,AGROVET,215.0,492.1,425.5,-1,0,0,-1
Mistress 120 gm,FUNGICIDES,AGROVET,220.0,300.0,300.0,-1,0,0,-1
Mistress 1kg,FUNGICIDES,AGROVET,1440.0,1650.0,1650.0,-1,0,-1,-2
Mistress 2.5kg,FUNGICIDES,AGROVET,2900.0,3100.0,3100.0,-1,0,0,-1
Mistress 240g,FUNGICIDES,AGROVET,338.0,550.0,380.0,-1,0,0,-1
Mistress 40g,FUNGICIDES,AGROVET,105.0,150.0,150.0,-1,0,0,-1
Mistress 500g,FUNGICIDES,AGROVET,750.0,950.0,950.0,-1,0,0,-1
Mistress 80g,FUNGICIDES,AGROVET,171.0,250.0,250.0,-1,0,0,-1
Multiject_Mastigolife 5gm,ANTIBIOTICS,AGROVET,200.0,350.0,300.0,-1,0,6,5
Multimed Multivit 25g,SUPPLEMENT,AGROVET,60.0,150.0,120.0,-1,0,0,-1
Multivit tabs-Bescoe Prozyme,SUPPLEMENT,AGROVET,4.25,20.0,10.0,-1,0,0,-1
Multivitamin_Multinor Inj 100ml,SUPPLEMENT,AGROVET,105.0,250.0,250.0,-1,0,3,2
Multivitamin_Multinor Inj 50ml,MULTIVITAMINS,AGROVET,110.0,150.0,140.0,-1,0,2,1
NCD 100Doses,ANTIBIOTICS,AGROVET,180.0,250.0,250.0,-1,0,0,-1
NCD 25Doses,ANTIBIOTICS,AGROVET,90.0,150.0,140.0,-1,0,0,-1
NCD 50Doses,ANTIBIOTICS,AGROVET,135.0,200.0,200.0,-1,0,3,2
NPK Fertilizer BORA BORA 50kgs,FERTILIZER,AGROVET,3200.0,3600.0,3600.0,-1,0,0,-1
NPK Fertilizer Chapa Meli 50kgs,FERTILIZER,AGROVET,3200.0,3800.0,3750.0,-1,0,0,-1
Needles gauge 18,MISC,AGROVET,3.0,5.0,3.0,-1,0,0,-1
Nefluk Bolus,DEWORMER,AGROVET,40.0,60.0,50.0,-1,0,0,-1
Neocidal 28ml,INSECTICIDES,AGROVET,95.0,120.0,100.0,-1,0,0,-1
Neocidal 28ml DERA,INSECTICIDES,AGROVET,55.0,100.0,100.0,-1,0,0,-1
Nilsan Super 500ml,DEWORMER,AGROVET,1138.0,1200.0,1150.0,-1,0,0,-1
Nilsan plus 125ml,DEWORMER,AGROVET,208.0,300.0,220.0,-1,0,0,-1
Nilsan plus 1LT,DEWORMER,AGROVET,1421.0,1600.0,1600.0,-1,0,0,-1
Nilsan plus 500ml,DEWORMER,AGROVET,725.0,850.0,800.0,-1,0,0,-1
Nilsan super 125ml,DEWORMER,AGROVET,295.0,320.0,320.0,-1,0,0,-1
Norbrook D.C.P 100G,OIL,AGROVET,21.0,50.0,30.0,-1,0,0,-1
Norbrook milking salve 100g,OIL,AGROVET,82.0,120.0,100.0,-1,0,23,22
Norbrook milking salve 1kg,OIL,AGROVET,563.0,650.0,650.0,-1,0,5,4
Norbrook milking salve 250g,OIL,AGROVET,189.0,300.0,300.0,-1,0,3,2
Norbrook milking salve 500g,OIL,AGROVET,309.0,400.0,350.0,-1,0,3,2
Norotraz 12.5 percent 1 lt,DEWORMER,AGROVET,1023.0,1350.0,1350.0,-1,0,0,-1
Norotraz 12.5 percent 100ml,DEWORMER,AGROVET,187.0,250.0,250.0,-1,0,2,1
Norotraz 12.5 percent 250ml,DEWORMER,AGROVET,455.0,550.0,550.0,-1,0,0,-1
Norotraz 12.5 percent 40ml,DEWORMER,AGROVET,116.0,170.0,170.0,-1,0,19,18
Norotraz 12.5percent 500ml,DEWORMER,AGROVET,582.0,750.0,750.0,-1,0,0,-1
Nova Dust 15kg,INSECTICIDES,AGROVET,900.0,1150.0,1150.0,-1,0,0,-1
Nova Dust 1kg,INSECTICIDES,AGROVET,125.0,180.0,150.0,-1,0,0,-1
Nova Dust 25kg,INSECTICIDES,AGROVET,1480.0,1500.0,1500.0,-1,0,0,-1
Nova Dust 2kg,INSECTICIDES,AGROVET,220.0,300.0,300.0,-1,0,0,-1
Omex 100ML Foliar Feed,FOLIA FERTILIZER,AGROVET,115.0,200.0,200.0,-1,0,0,-1
Onion Red Creole 10gm,-,AGROVET,80.0,150.0,150.0,-1,0,0,-1
Onion Red Creole 25gm,-,AGROVET,200.0,250.0,210.0,-1,0,0,-1
Onion Red Creole 500gm,-,AGROVET,1900.0,2500.0,2100.0,-1,0,0,-1
Onion Red Creole 50gm,-,AGROVET,352.0,450.0,382.0,-1,0,0,-1
Opticlox,ANTIBIOTICS,AGROVET,130.0,150.0,150.0,-1,0,0,-1
Orthene 500gms,-,AGROVET,1360.0,1550.0,1450.0,-1,0,0,-1
Orthene 50gms,-,AGROVET,171.0,250.0,220.0,-1,0,0,-1
Oshothane 100g,FUNGICIDES,AGROVET,104.0,150.0,150.0,-1,0,0,-1
Oshothane 1kg,FUNGICIDES,AGROVET,750.0,950.0,950.0,-1,0,0,-1
Oshothane 200g,FUNGICIDES,AGROVET,185.0,250.0,250.0,-1,0,0,-1
Oshothane 500g,FUNGICIDES,AGROVET,380.0,500.0,500.0,-1,0,0,-1
Oshothane 50g,FUNGICIDES,AGROVET,63.0,100.0,100.0,-1,0,0,-1
Oshothane 5kg,FUNGICIDES,AGROVET,2240.0,2600.0,2500.0,-1,0,0,-1
Oxymet 100ml,ANTIBIOTICS,AGROVET,135.0,250.0,250.0,-1,0,0,-1
Oxysol plus chick formula 100gm,ANTIBIOTICS,AGROVET,215.0,300.0,300.0,-1,0,0,-1
Oxysol plus chick formula 25gm,ANTIBIOTICS,AGROVET,45.0,100.0,60.0,-1,0,0,-1
Oxytetra 10 percent 100mls,ANTIBIOTICS,AGROVET,115.0,250.0,250.0,-1,0,0,-1
Oxytetra 10 percent 50mls,ANTIBIOTICS,AGROVET,100.0,150.0,95.0,-1,0,0,-1
Oxytetra 5 percent 100mls,ANTIBIOTICS,AGROVET,85.0,180.0,115.0,-1,0,0,-1
Oxytetra 5 percent 50mls,ANTIBIOTICS,AGROVET,75.0,150.0,90.0,-1,0,0,-1
PARVO Vaccine,VACCINE,AGROVET,380.0,500.0,500.0,-1,0,0,-1
Pali 300g,INSECTICIDES,AGROVET,250.0,450.0,450.0,-1,0,0,-1
Pannar 691,SEEDS,AGROVET,600.0,650.0,635.0,-1,0,0,-1
Paraster 1 lts,HERBICIDE,AGROVET,850.0,1200.0,1000.0,-1,0,0,-1
Pen and Strep 100ml,ANTIBIOTICS,AGROVET,352.0,550.0,500.0,-1,0,10,9
Pen and Strep 50ml,ANTIBIOTICS,AGROVET,210.0,350.0,350.0,-1,0,9,8
Penncozeb 100g,FUNGICIDES,AGROVET,85.0,200.0,150.0,-1,0,0,-1
Penncozeb 1kg,FUNGICIDES,AGROVET,770.0,750.0,650.0,-1,0,0,-1
Penncozeb 2.5kg,FUNGICIDES,AGROVET,1465.0,1800.0,1700.0,-1,0,0,-1
Penncozeb 200g,FUNGICIDES,AGROVET,210.0,260.0,250.0,-1,0,0,-1
Penncozeb 500g,FUNGICIDES,AGROVET,350.0,450.0,450.0,-1,0,0,-1
Penncozeb 5kg,FUNGICIDES,AGROVET,3850.0,4300.0,4000.0,-1,0,0,-1
Pentagon 5 percent 100 ml,INSECTICIDES,AGROVET,185.0,350.0,250.0,-1,0,0,-1
Pentagon 5 percent 1LTR,INSECTICIDES,AGROVET,1480.0,1800.0,1800.0,-1,0,0,-1
Pentagon 5 percent 250 ml,INSECTICIDES,AGROVET,435.0,750.0,600.0,-1,0,0,-1
Pentagon 5 percent 50 ml,INSECTICIDES,AGROVET,122.0,250.0,130.0,-1,0,0,-1
Pentagon 5 percent 500 ml,INSECTICIDES,AGROVET,810.0,950.0,950.0,-1,0,0,-1
Penthenon 62.5 ml,INSECTICIDES,AGROVET,550.0,750.0,750.0,-1,0,0,-1
Pet D Tablets,DEWORMER,AGROVET,7.0,15.0,12.0,-1,0,0,-1
Philcoril BM 100ML,COUGH SUPPRESANT,AGROVET,180.0,250.0,210.0,-1,0,0,-1
Philcoril BM 60ML,COUGH SUPPRESANT,AGROVET,121.5,170.0,140.0,-1,0,0,-1
Philcoril DM 100ML,COUGH SUPPRESANT,AGROVET,220.5,300.0,260.0,-1,0,0,-1
Philcoril DM 60ML,COUGH SUPPRESANT,AGROVET,148.5,200.0,170.0,-1,0,0,-1
Pipperazine 25gm,DEWORMER,AGROVET,78.0,150.0,100.0,-1,0,1,0
Politricin Chick Formula,ANTIBIOTICS,AGROVET,42.0,100.0,60.0,-1,0,0,-1
Prazivet plus tablet,DEWORMER,AGROVET,46.0,80.0,60.0,-1,0,0,-1
Pressure Hand Sprayer 2L,PUMPS,AGROVET,275.0,350.0,350.0,-1,0,7,6
Pressure Hand sprayer IL,PUMPS,AGROVET,120.0,200.0,200.0,-1,0,16,15
PrimaGram 1lt,HERBICIDES,AGROVET,1080.0,2300.0,1200.0,-1,0,0,-1
Primelick 1kg,-,AGROVET,120.0,150.0,150.0,-1,0,0,-1
Profile 100ml,-,AGROVET,200.0,300.0,300.0,-1,0,0,-1
Promax 25ml,INSECTICIDES,AGROVET,160.0,200.0,170.0,-1,0,0,-1
Ranger 100ml,INSECTICIDES,AGROVET,163.0,250.0,180.0,-1,0,0,-1
Ranger 1LT,INSECTICIDES,AGROVET,1140.0,1200.0,1200.0,-1,0,0,-1
Ranger 500ml,INSECTICIDES,AGROVET,640.0,850.0,700.0,-1,0,0,-1
Rata bite 10gm,ANTIRODENT,AGROVET,30.0,70.0,50.0,-1,0,0,-1
Red Cat,ANTIRODENTS,AGROVET,10.0,30.0,14.0,-1,0,0,-1
Ridomil Gold 1kg,FUNGICIDES,AGROVET,2350.0,2700.0,2700.0,-1,0,0,-1
Ridomil Gold 250g,FUNGICIDES,AGROVET,750.0,1000.0,1000.0,-1,0,0,-1
Ridomil Gold 50g,FUNGICIDES,AGROVET,161.0,200.0,200.0,-1,0,0,-1
Rio Grande Tomato Alps 10g,SEEDS,AGROVET,148.0,200.0,200.0,-1,0,1,0
Rio Grande Tomato Alps 25g,SEEDS,AGROVET,335.0,450.0,450.0,-1,0,5,4
Rio Grande Tomato Alps 50g,SEEDS,AGROVET,540.0,800.0,800.0,-1,0,0,-1
Rio Grande Tomato EA 10g,SEEDS,AGROVET,155.0,250.0,250.0,-1,0,0,-1
Rio Grande Tomato EA 25g,SEEDS,AGROVET,380.0,480.0,480.0,-1,0,0,-1
Rio Grande Tomato EA 50g,SEEDS,AGROVET,715.0,800.0,800.0,-1,0,0,-1
Rio Grande Tomato Elgon 100g,SEEDS,AGROVET,1350.0,1500.0,1500.0,-1,0,0,-1
Rio Grande Tomato Elgon 25g,SEEDS,AGROVET,360.0,450.0,400.0,-1,0,0,-1
Rio Grande Tomato Elgon 50g,SEEDS,AGROVET,690.0,800.0,800.0,-1,0,0,-1
Rio Grande Tomato Safari 100g,SEEDS,AGROVET,1350.0,1500.0,1500.0,0,0,2,2
Rio Grande Tomato Safari 10g,SEEDS,AGROVET,205.0,300.0,300.0,-1,0,0,-1
Rio Grande Tomato Safari 25g,SEEDS,AGROVET,335.0,450.0,450.0,-1,0,0,-1
Rio Grande Tomato Safari 50g,SEEDS,AGROVET,653.0,800.0,700.0,-1,0,0,-1
Rio Grande Tomato Simlaw 10g,SEEDS,AGROVET,115.0,200.0,180.0,-1,0,0,-1
Rio Grande Tomato Simlaw 25g,SEEDS,AGROVET,270.0,400.0,285.0,-1,0,0,-1
Rio Grande Tomato Simlaw 50g,SEEDS,AGROVET,484.0,700.0,490.0,-1,0,0,-1
Rock allum 250g Ava Chem,WATER PURIFIER,AGROVET,70.0,120.0,80.0,-1,0,0,-1
Rock allum 500g Ava Chem,WATER PURIFIER,AGROVET,120.0,200.0,150.0,-1,0,0,-1
Rocket 100ml,-,AGROVET,250.0,450.0,350.0,-1,0,0,-1
Rocket 50ml,-,AGROVET,120.0,200.0,130.0,-1,0,0,-1
Romectin 100ml,-,AGROVET,646.0,850.0,650.0,-1,0,0,-1
Romectin 50ml,-,AGROVET,347.0,450.0,350.0,-1,0,0,-1
Rona Booster 1 Litre,FOLIA FERTILIZER,AGROVET,70.0,100.0,90.0,-1,0,3,2
Rona Booster 2 Litre,FOLIA FERTILIZER,AGROVET,130.0,200.0,200.0,-1,0,0,-1
Rona Booster 5 Litre,FOLIA FERTILIZER,AGROVET,230.0,330.0,330.0,-1,0,6,5
Rona Booster 500ml,FOLIA FERTILIZER,AGROVET,45.0,100.0,100.0,-1,0,0,-1
Round Turbo 1lt,HERBICIDE,AGROVET,950.0,1200.0,1200.0,-1,0,0,-1
Round Turbo 20lt,HERBICIDE,AGROVET,16500.0,20000.0,20000.0,-1,0,0,-1
Rubber Rings,ACCARICIDE,AGROVET,4.0,5.32,4.52,-1,0,0,-1
Rumecal 100ml,DEWORMER,AGROVET,120.0,,135.6,-1,0,0,-1
Rumecal 100ml Highchem,DEWORMER,AGROVET,120.0,159.6,135.6,-1,0,0,-1
S Dime Solution 125ml,ANTIBIOTICS,AGROVET,190.0,260.0,260.0,-1,0,0,-1
S dime 5g,-,AGROVET,25.0,30.0,25.0,-1,0,0,-1
S-Dime 125ml,-,AGROVET,190.0,250.0,180.0,-1,0,8,7
Score 20ml,-,AGROVET,143.0,300.0,200.0,-1,0,0,-1
Sevin Dudu Dust 100g,INSECTICIDES,AGROVET,82.0,100.0,100.0,-1,0,3,2
Sevin Dudu Dust 200g,INSECTICIDES,AGROVET,110.0,150.0,150.0,-1,0,8,7
Sevin Dudu Dust 50g,INSECTICIDES,AGROVET,59.0,80.0,70.0,-1,0,0,-1
Sigma Combi 1l,HERBICIDES,AGROVET,1100.0,1500.0,1400.0,-1,0,0,-1
Sigma Combi 5l,HERBICIDES,AGROVET,4533.0,5200.0,5200.0,-1,0,0,-1
Sine 4D 1lt,-,AGROVET,420.0,650.0,650.0,-1,0,0,-1
Sine 4D 5lt,-,AGROVET,1955.0,2400.0,2400.0,-1,0,0,-1
Skana 100g,INSECTIIDES,AGROVET,60.0,120.0,100.0,-1,0,0,-1
Skana 1kg,INSECTICIDES,AGROVET,460.0,650.0,650.0,-1,0,0,-1
Skana 250g,INSECTICIDES,AGROVET,134.0,180.0,180.0,-1,0,0,-1
Skana 500g,INSECTICIDES,AGROVET,245.0,350.0,350.0,-1,0,0,-1
Sow and Weaner meal 50kgs,FEEDS,AGROVET,3010.0,3250.0,3100.0,-1,0,0,-1
Spinach 10g EA ,SEEDS,AGROVET,36.0,100.0,70.0,-1,0,0,-1
Spinach 250g Alps,SEEDS,AGROVET,480.0,650.0,620.0,-1,0,0,-1
Spinach 250g EA ,SEEDS,AGROVET,540.0,650.0,600.0,-1,0,0,-1
Spinach 25g Alps,SEEDS,AGROVET,67.0,100.0,100.0,-1,0,2,1
Spinach 25g EA,SEEDS,AGROVET,64.0,120.0,70.0,-1,0,0,-1
Spinach 500g EA,SEEDS,AGROVET,890.0,1200.0,1200.0,-1,0,0,-1
Spinach 50g EA,SEEDS,AGROVET,147.0,250.0,250.0,-1,0,0,-1
Spinach 50g SIM,SEEDS,AGROVET,90.0,180.0,90.0,-1,0,0,-1
Steladone 100ml,ACCARICIDES,AGROVET,270.0,350.0,350.0,-1,0,0,-1
Steladone 1LTR,ACCARICIDES,AGROVET,2250.0,2800.0,2500.0,-1,0,0,-1
Steladone 35ml,ACCARICIDES,AGROVET,191.0,250.0,220.0,-1,0,0,-1
Stocklick Faida 10kgs,MINERALS,AGROVET,210.0,250.0,250.0,-1,0,12,11
Stocklick Faida 50kgs,MINERALS,AGROVET,850.0,950.0,950.0,-1,0,2,1
Stocklick Naju 10kg,MINERALS,AGROVET,180.0,250.0,250.0,-1,0,0,-1
Stocklick Naju 50kg,MINERALS,AGROVET,720.0,1000.0,900.0,-1,0,0,-1
Stop Bloat 125ml,ANTIBIOTICS,AGROVET,142.0,200.0,200.0,-1,0,0,-1
Sugar Loaf 25g,SEEDS,AGROVET,120.0,200.0,150.0,-1,0,0,-1
Sulban 100ml,INSECTICIDES,AGROVET,185.0,300.0,200.0,-1,0,0,-1
Sulphate Amonia 1Kg,FERTILIZER,AGROVET,64.0,100.0,80.0,-1,0,0,-1
Sulphate Amonia Ruiru 50kg,FERTILIZER,AGROVET,64.0,100.0,80.0,-1,0,0,-1
Sulphurgold 80 percent WDG 1kg,FUNGICIDES,AGROVET,385.0,550.0,450.0,-1,0,0,-1
Sulphurgold 80 percent WDG 500g,FUNGICIDES,AGROVET,180.0,250.0,207.0,-1,0,0,-1
Supermec 1 percent 50nl,-,AGROVET,218.0,320.0,235.0,-1,0,0,-1
Supermec 1percent 10ml,-,AGROVET,48.0,120.0,65.0,-1,0,0,-1
Sypertix 100ml,-,AGROVET,320.0,450.0,357.0,-1,0,0,-1
Sypertix 20ml,-,AGROVET,82.0,150.0,98.0,-1,0,0,-1
Sypertix 50ml,-,AGROVET,190.0,250.0,215.0,-1,0,0,-1
SyrInges 10cc,CONSUMABLES,AGROVET,3.5,10.0,5.0,-1,0,0,-1
SyrInges 20cc,CONSUMABLES,AGROVET,12.0,20.0,15.0,-1,0,0,-1
Tacrolimus_Talimus Oint 0.1 Percent 10g ,DERMATOLOGICAL,AGROVET,1000.0,1350.0,1150.0,-1,0,0,-1
Taktik,ACCARICIDE,AGROVET,64.0,100.0,80.0,-1,0,0,-1
Tegretol 2 percent  Syrup 150ml,ANTIPSYCHOTICs,AGROVET,980.11,1300.0,1130.0,-1,0,0,-1
Terrexine 10mg,-,AGROVET,215.0,270.0,250.0,-1,0,0,-1
Tetracycline skin,ANTIBIOTICS,AGROVET,20.0,100.0,80.0,-1,0,1,0
Tiffer 100ml,INSECTCIDES,AGROVET,200.0,300.0,250.0,-1,0,12,11
Tiffer 50ml,INSECTCIDES,AGROVET,120.0,200.0,160.0,-1,0,1,0
Tihan 50ml,INSECTICIDES,AGROVET,500.0,650.0,600.0,-1,0,0,-1
Tikdip 100ml,ACCARICIDE,AGROVET,358.0,470.0,470.0,-1,0,3,2
Tikdip 20ml,ACCARICIDE,AGROVET,97.0,150.0,150.0,-1,0,0,-1
Tikdip 40ml,ACCARICIDE,AGROVET,180.0,250.0,250.0,-1,0,3,2
Tixfix 100ml,ACCARICIDE,AGROVET,186.0,250.0,250.0,-1,0,4,3
Tixfix 20ML,ACCARICIDE,AGROVET,85.0,150.0,150.0,-1,0,0,-1
Tixfix 40ml,ACCARICIDE,AGROVET,115.0,200.0,200.0,-1,0,0,-1
Triatix 100ml,ACCARICIDE,AGROVET,270.0,359.1,310.5,-1,0,0,-1
Triatix 20ml,ACCARICIDE,AGROVET,100.0,150.0,120.0,-1,0,0,-1
Triatix 250ml,ACCARICIDE,AGROVET,450.0,598.5,517.5,-1,0,0,-1
Triatix 40ml,ACCARICIDE,AGROVET,126.0,170.0,122.0,-1,0,0,-1
Tricure 135ml,-,AGROVET,170.0,220.0,200.0,-1,0,0,-1
Tricure Gold 1LT,-,AGROVET,850.0,1050.0,1050.0,-1,0,0,-1
Tricure Gold 500ml,-,AGROVET,480.0,600.0,500.0,-1,0,0,-1
Trilick 1kg,-,AGROVET,325.0,380.0,350.0,-1,0,0,-1
Trimovet 30g,-,AGROVET,80.0,180.0,120.0,-1,0,0,-1
Trust Classic,CONDOM,AGROVET,25.0,33.25,28.75,-1,0,0,-1
Trust Extra,CONDOM,AGROVET,20.0,60.0,60.0,-1,0,0,-1
Trust Studded,-,AGROVET,35.0,70.0,70.0,-1,0,0,-1
Twigalick Maziwa 1KG,SUPPLEMENT,AGROVET,145.0,200.0,170.0,-1,0,0,-1
Twigalick Maziwa 2KG,SUPPLEMENT,AGROVET,250.0,350.0,260.0,-1,0,0,-1
Twigalick Maziwa 5KG,SUPPLEMENT,AGROVET,550.0,650.0,650.0,-1,0,0,-1
Twigamec 100ml,ACCARICIDE,AGROVET,258.0,450.0,350.0,-1,0,0,-1
Twigamec 10ml,ACCARICIDE,AGROVET,40.0,120.0,100.0,-1,0,0,-1
Twigamec 50ml,ACCARICIDE,AGROVET,145.0,250.0,200.0,-1,0,0,-1
Twigamectine 50ml,ACCARICIDE,AGROVET,247.0,350.0,350.0,-1,0,0,-1
Twigatraz 40ml,ACCARICIDE,AGROVET,93.0,150.0,95.0,-1,0,0,-1
Tylodoxy 100g,ANTIBIOTICS,AGROVET,405.0,560.0,500.0,-1,0,1,0
Tylodoxy 25g,ANTIBIOTICS,AGROVET,115.0,150.0,130.0,-1,0,0,-1
Tylosin-Bilosin 100ml,ANTIBIOTICS,AGROVET,408.0,500.0,445.0,-1,0,0,-1
Tylosin-Bilosin 50ml,ANTIBIOTICS,AGROVET,240.0,300.0,270.0,-1,0,0,-1
Ultramix Joto 1kgs,MINERALS,AGROVET,135.0,250.0,200.0,-1,0,0,-1
Ultramix Maziwa 1kgs,MINERALS,AGROVET,165.0,250.0,250.0,-1,0,1,0
Ultramix Maziwa 2kgs,MINERALS,AGROVET,305.0,420.0,420.0,-1,0,0,-1
Ultramix Ndama 1kg,MINERALS,AGROVET,121.0,250.0,200.0,-1,0,0,-1
Unga Adv Finisher Pellets 50kg,FEEDS,AGROVET,4045.0,4500.0,4150.0,-1,0,0,-1
Unga FastGrow Broiler Finisher Pellets 10kg ,FEEDS,AGROVET,782.0,1000.0,1000.0,-1,0,0,-1
Unga FastGrow Broiler Finisher Pellets 25kg ,FEEDS,AGROVET,1950.0,2600.0,2600.0,-1,0,0,-1
Unga FastGrow Broiler Finisher Pellets 50kg ,FEEDS,AGROVET,4160.0,5200.0,5200.0,-1,0,0,-1
Unga FastGrow Broiler Starter Crumbs 50kg ,FEEDS,AGROVET,4160.0,4800.0,4800.0,-1,0,0,-1
Unisate 480 SL 1 ltr ,HERBICIDES,AGROVET,500.0,800.0,700.0,-1,0,0,-1
Unisate 480 SL 500ml ,HERBICIDES,AGROVET,300.0,450.0,400.0,-1,0,0,-1
Urea 1kg ,FERTILIZER,AGROVET,104.0,120.0,120.0,-1,0,0,-1
Urea Bora Bora 50kg,FERTILIZER,AGROVET,110.0,120.0,120.0,-1,0,250,249
Urea Chapa Meli 50kg,FERTILIZER,AGROVET,104.0,120.0,120.0,-1,0,0,-1
Urea Chapa Solai 25kg,FERTILIZER,AGROVET,104.0,120.0,120.0,-1,0,0,-1
Urea Falcon 10kg,FERTILIZER,AGROVET,125.0,150.0,145.0,-1,0,0,-1
Urea Falcon 25kg,FERTILIZER,AGROVET,116.0,120.0,120.0,-1,0,125,124
Urea Falcon 50kg,FERTILIZER,AGROVET,104.0,120.0,120.0,-1,0,0,-1
Urea Simba 25Kg,FERTILIZER,AGROVET,104.0,120.0,120.0,-1,0,0,-1
Urea Simba 50Kg,FERTILIZER,AGROVET,98.0,120.0,120.0,-1,0,-1,-2
Urea Thabiti 10Kg,FERTILIZER,AGROVET,104.0,120.0,120.0,-1,0,0,-1
Urea Thabiti 50Kg,FERTILIZER,AGROVET,104.0,120.0,120.0,-1,0,0,-1
Utramix maziwa 1kg,SUPPLEMENT,AGROVET,160.0,250.0,160.0,-1,0,0,-1
Utramix maziwa 5kg,SUPPLEMENT,AGROVET,650.0,850.0,700.0,-1,0,0,-1
Valbazen 100ml ultravetis,DEWORMER,AGROVET,195.0,250.0,250.0,-1,0,0,-1
Valbazen 120ml ultravetis,DEWORMER,AGROVET,620.0,800.0,800.0,-1,0,0,-1
Valbazen 40ml ultravetis,DEWORMER,AGROVET,215.0,250.0,250.0,-1,0,0,-1
Vectoclor Plus 100 ml,-,AGROVET,460.0,650.0,600.0,-1,0,0,-1
Vegimax 30ml,FOLIA FERTILIZER,AGROVET,80.0,150.0,120.0,-1,0,0,-1
Vet Fostyl 25gm,-,AGROVET,150.0,250.0,200.0,-1,0,0,-1
Vetoxy 20 pct 100g,ANTIBIOTICS,AGROVET,232.0,350.0,350.0,-1,0,4,3
Vetoxy 20 pct 25g,ANTIBIOTICS,AGROVET,60.0,150.0,150.0,-1,0,0,-1
Vital Joto 1kg,SUPPLEMENT,AGROVET,140.0,250.0,200.0,-1,0,0,-1
Vital maziwa 1kg,SUPPLEMENT,AGROVET,190.0,250.0,220.0,-1,0,0,-1
Vital maziwa 2kg,SUPPLEMENT,AGROVET,370.0,500.0,380.0,-1,0,0,-1
Vital maziwa 5kg,SUPPLEMENT,AGROVET,980.0,1300.0,1100.0,-1,0,0,-1
Vital ndama 1KG,SUPPLEMENT,AGROVET,130.0,250.0,200.0,-1,0,0,-1
Vitaphos Biomin 2kg,MINERALS,AGROVET,130.0,150.0,150.0,-1,0,0,-1
Vitaphos Biomin 5Kg,MINERALS,AGROVET,505.0,700.0,650.0,-1,0,0,-1
Vitaphos Maziwa 2kg,MINERALS,AGROVET,220.0,300.0,300.0,-1,0,1,0
Vitapower 100ml,SUPLEMENT,AGROVET,165.0,250.0,250.0,-1,0,0,-1
WS DK 777 2kg,SEEDS,AGROVET,800.0,1000.0,1000.0,-1,0,0,-1
Water Melon 25g-EAsukari,SEEDS,AGROVET,780.0,950.0,750.0,-1,0,0,-1
Water Melon 50g-EAsukari,SEEDS,AGROVET,1260.0,1500.0,1400.0,-1,0,0,-1
Water Melon-Crimson Sweet 25gm,SEEDS,AGROVET,200.0,300.0,250.0,-1,0,0,-1
Water Melon-Sugar Baby 25gm,SEEDS,AGROVET,145.0,200.0,200.0,-1,0,0,-1
Water for injection 10ml,MISC,AGROVET,5.0,10.0,10.0,-1,0,0,-1
Water guard 150ml,MISC,AGROVET,25.0,50.0,40.0,-1,0,0,-1
Watering can 8lts,PUMPS,AGROVET,260.0,450.0,350.0,-1,0,0,-1
Weedal 1 lt,HERBICIDES,AGROVET,800.0,900.0,800.0,-1,0,0,-1
Weedal 480 5l,HERBICIDES,AGROVET,1900.0,600.0,,-1,0,0,-1
Weedal 5 lt,HERBICIDES,AGROVET,4300.0,5000.0,4500.0,-1,0,0,-1
Weedal 500ML,HERBICIDES,AGROVET,450.0,550.0,500.0,-1,0,0,-1
Weedmaster 1 l,HERBICIDES,AGROVET,1100.0,1500.0,1300.0,-1,0,0,-1
Weedmaster 5 l,HERBICIDES,AGROVET,4800.0,5200.0,,-1,0,0,-1
Wormcid 1TR,-,AGROVET,350.0,450.0,370.0,-1,0,0,-1
Wormicid 1g,-,AGROVET,17.0,30.0,20.0,-1,0,0,-1
Wormifas 500ml,DEWORMER,AGROVET,120.0,250.0,230.0,-1,0,0,-1
Wormitrex 1 ltr,-,AGROVET,160.0,250.0,200.0,-1,0,0,-1
Yara Amidas 50kg,FERTILIZER,AGROVET,5650.0,6000.0,5000.0,-1,0,0,-1
Yara Mila 50kg,FERTILIZER,AGROVET,1900.0,2300.0,2300.0,-1,0,0,-1
Yara power 1kg,FERTILIZER,AGROVET,100.0,120.0,120.0,-1,0,0,-1
Yara power 50kg,FERTILIZER,AGROVET,3350.0,3200.0,3150.0,-1,0,0,-1
Zerokrim tabs,DEWORMER,AGROVET,50.0,80.0,70.0,-1,0,0,-1
Zetanil 120g,FUNGICIDES,AGROVET,225.0,330.0,330.0,-1,0,13,12
Zetanil 1kg,FUNGICIDES,AGROVET,1450.0,1700.0,1700.0,-1,0,3,2
Zetanil 240g,FUNGICIDES,AGROVET,425.0,600.0,600.0,-1,0,15,14
Zetanil 40g,FUNGICIDES,AGROVET,110.0,150.0,150.0,-1,0,10,9
Zetanil 500g,FUNGICIDES,AGROVET,750.0,1000.0,950.0,-1,0,3,2
kaolin bp 100g Norbrook,MINERALS,AGROVET,40.0,70.0,50.0,-1,0,0,-1
syringe 60cc,CONSUMABLES,AGROVET,38.0,80.0,50.0,-1,0,0,-1
vitaphos Maziwa 1kg,MINERALS,AGROVET,110.0,150.0,150.0,-1,0,12,11
